{
  "well_8": {
    "games": 120,
    "well_size": 8,
    "avg_time_sec": 95.47999999999999,
    "p50_time_sec": 95.47999999999999,
    "p90_time_sec": 95.47999999999999,
    "avg_clears_per_min": 34.49937159614579,
    "no_move_loss_rate": 0.0,
    "well_overflow_rate": 1.0,
    "pity_triggers_per_game": 23.3
  },
  "well_6": {
    "games": 120,
    "well_size": 6,
    "avg_time_sec": 69.3,
    "p50_time_sec": 69.3,
    "p90_time_sec": 69.3,
    "avg_clears_per_min": 31.298701298701296,
    "no_move_loss_rate": 0.0,
    "well_overflow_rate": 1.0,
    "pity_triggers_per_game": 15.816666666666666
  },
  "well_5": {
    "games": 120,
    "well_size": 5,
    "avg_time_sec": 56.879999999999995,
    "p50_time_sec": 56.879999999999995,
    "p90_time_sec": 56.879999999999995,
    "avg_clears_per_min": 28.560126582278482,
    "no_move_loss_rate": 0.0,
    "well_overflow_rate": 1.0,
    "pity_triggers_per_game": 12.475
  }
}
