{
  "difficulty": {
    "easy": {
      "A1": 0.16610458199877634,
      "A2": 0.05,
      "A3": 0.5399403192628943,
      "Atail": 0.04737677434626396,
      "T1": 173.1080660380704,
      "T2": 331.5490242002706,
      "T3": 677.3021404463311,
      "W1": 30.0,
      "W2": 120.0,
      "W3": 113.94595534396647,
      "p0": 0.2,
      "pcap": 0.22,
      "pramp": 0.1133752262719541,
      "tdd": 30.0,
      "wdd": 20.0
    },
    "hard": {
      "A1": 0.40343897290995784,
      "A2": 0.05,
      "A3": 0.7,
      "Atail": 0.13846508346147107,
      "T1": 150.0,
      "T2": 270.0,
      "T3": 292.1494262657518,
      "W1": 91.28161418877441,
      "W2": 60.37502059369276,
      "W3": 82.52851567012056,
      "p0": 0.0,
      "pcap": 0.09526268984250263,
      "pramp": 0.012512039307823575,
      "tdd": 41.52236973868486,
      "wdd": 160.0
    },
    "medium": {
      "A1": 0.3362838737130416,
      "A2": 0.6838694799976319,
      "A3": 0.2381747877246077,
      "Atail": 0.01,
      "T1": 187.5,
      "T2": 277.68550194518207,
      "T3": 600.0,
      "W1": 74.83410155881504,
      "W2": 70.26222131754832,
      "W3": 53.37295549085481,
      "p0": 0.2,
      "pcap": 0.2681485782870315,
      "pramp": 0.15892135243859565,
      "tdd": 181.70618545008,
      "wdd": 75.27384909221821
    },
    "nm": {
      "A1": 0.5418585434840111,
      "A2": 0.8,
      "A3": 0.7,
      "Atail": 0.14534268195926148,
      "T1": 105.90846066293162,
      "T2": 172.14135097914686,
      "T3": 213.75,
      "W1": 54.58310884006263,
      "W2": 73.78568222288298,
      "W3": 30.0,
      "p0": 0.2,
      "pcap": 0.22,
      "pramp": 0.12294686419580335,
      "tdd": 208.31125585672976,
      "wdd": 59.90643316613488
    }
  },
  "global": {
    "L0": {
      "easy": 2.5,
      "hard": 3.0,
      "medium": 2.8,
      "nm": 3.3
    },
    "a_b": {
      "easy": 0.042,
      "hard": 0.06,
      "medium": 0.052,
      "nm": 0.07
    },
    "a_w": {
      "easy": 0.032,
      "hard": 0.048,
      "medium": 0.04,
      "nm": 0.056
    },
    "b_b": {
      "easy": 0.062,
      "hard": 0.05,
      "medium": 0.055,
      "nm": 0.045
    },
    "b_w": {
      "easy": 0.06,
      "hard": 0.049,
      "medium": 0.054,
      "nm": 0.044
    },
    "c_mu": 0.45,
    "c_nu": 0.55,
    "dd_duration": 10.0,
    "dd_min_gap": 18.0,
    "dda_kb": 0.33,
    "dda_kw": 0.38,
    "drag_k": 0.26,
    "kb": 0.85,
    "kdd": 0.05,
    "kq": 0.35,
    "kw": 0.95,
    "m0": 0.4,
    "m1": 0.24412123350890613,
    "micro_amp": 0.05,
    "micro_period": 90.0,
    "mmax": 0.19747588591815748,
    "mu0": 0.09,
    "noise_b": 0.008,
    "noise_w": 0.007,
    "nu0": 0.09,
    "pity_gain": 0.07211173762215499,
    "pity_thr": 0.65,
    "q0": 0.8,
    "q_decay": 0.009464389046196009,
    "q_noise": 0.015,
    "tau": 1530.9681107619335,
    "x0_b": 0.2,
    "x0_w": 0.15,
    "xb0": {
      "easy": 0.65,
      "hard": 0.58,
      "medium": 0.6,
      "nm": 0.55
    },
    "xw0": {
      "easy": 0.72,
      "hard": 0.65,
      "medium": 0.68,
      "nm": 0.62
    }
  },
  "skills": {
    "clear": {
      "ranks": [
        {
          "charges": 3,
          "cooldown": 90.71394778327992,
          "post_dur": 23.297248422710943,
          "post_mult": 1.0,
          "x_after": 0.15
        },
        {
          "charges": 2,
          "cooldown": 133.07792119839,
          "post_dur": 23.297248422710943,
          "post_mult": 0.7129119413580381,
          "x_after": 0.15
        },
        {
          "charges": 3,
          "cooldown": 114.32627445419475,
          "post_dur": 23.297248422710943,
          "post_mult": 0.7129119413580381,
          "x_after": 0.15
        },
        {
          "charges": 3,
          "cooldown": 143.3511151616525,
          "post_dur": 23.297248422710943,
          "post_mult": 0.6,
          "x_after": 0.15
        }
      ]
    },
    "freeze": {
      "ranks": [
        {
          "charges": 2,
          "cooldown": 30.0,
          "duration": 11.195032160332829,
          "m_f": 0.4724851280835082
        },
        {
          "charges": 2,
          "cooldown": 30.0,
          "duration": 11.195032160332829,
          "m_f": 0.4724851280835082
        },
        {
          "charges": 2,
          "cooldown": 85.72459683256237,
          "duration": 14.564732581403012,
          "m_f": 0.35
        },
        {
          "charges": 2,
          "cooldown": 42.98074186131541,
          "duration": 14.567367800401788,
          "m_f": 0.35
        }
      ]
    },
    "ultimate": {
      "ranks": [
        {
          "cooldown": 192.271648299768,
          "immunity": 12.595209149440327,
          "xw_after": 0.15
        },
        {
          "cooldown": 256.73646136524764,
          "immunity": 13.352731753691865,
          "xw_after": 0.15
        },
        {
          "cooldown": 204.1343931835142,
          "immunity": 13.352731753691865,
          "xw_after": 0.15
        },
        {
          "cooldown": 320.0,
          "immunity": 16.0,
          "xw_after": 0.15
        }
      ]
    }
  }
}