{
  "difficulty": {
    "easy": {
      "A1": 0.9,
      "A2": 0.8,
      "A3": 0.04,
      "Atail": 0.23020079688288558,
      "T1": 167.60643295813196,
      "T2": 270.0,
      "T3": 639.4667367775314,
      "W1": 47.68829728456329,
      "W2": 30.0,
      "W3": 30.0,
      "p0": 0.08604022271559639,
      "pcap": 0.4516455648871301,
      "pramp": 0.24973767452694814,
      "tdd": 268.4553650354999,
      "wdd": 160.0
    },
    "hard": {
      "A1": 0.75645293511658,
      "A2": 0.5252811417411898,
      "A3": 0.5766615581013179,
      "Atail": 0.04719012195747774,
      "T1": 150.0,
      "T2": 253.50991447083138,
      "T3": 270.0,
      "W1": 48.54994603739158,
      "W2": 30.0,
      "W3": 92.8394787375551,
      "p0": 0.0,
      "pcap": 0.1695179382596967,
      "pramp": 0.26701529011691705,
      "tdd": 283.60409258818083,
      "wdd": 160.0
    },
    "medium": {
      "A1": 0.05,
      "A2": 0.6477377552758689,
      "A3": 0.33360977550318055,
      "Atail": 0.027721285598305362,
      "T1": 187.5,
      "T2": 342.44617806459485,
      "T3": 569.4661990021935,
      "W1": 44.40534455591505,
      "W2": 40.715559621688676,
      "W3": 31.538774035484465,
      "p0": 0.0951183458630197,
      "pcap": 0.3979395158091099,
      "pramp": 0.1461783611486792,
      "tdd": 88.81221357375165,
      "wdd": 41.02893522557272
    },
    "nm": {
      "A1": 0.05,
      "A2": 0.21444130836496123,
      "A3": 0.04,
      "Atail": 0.08875055721420433,
      "T1": 82.33190224295856,
      "T2": 207.70701672487883,
      "T3": 281.6717357538664,
      "W1": 37.505502944800696,
      "W2": 31.642087315244048,
      "W3": 104.13264057092688,
      "p0": 0.0029764085713831906,
      "pcap": 0.3726033089493978,
      "pramp": 0.05510568340772155,
      "tdd": 360.0,
      "wdd": 20.0
    }
  },
  "global": {
    "L0": {
      "easy": 1.6,
      "hard": 2.0,
      "medium": 1.8,
      "nm": 2.2
    },
    "a_b": {
      "easy": 0.014,
      "hard": 0.022,
      "medium": 0.018,
      "nm": 0.028
    },
    "a_w": {
      "easy": 0.012,
      "hard": 0.02,
      "medium": 0.016,
      "nm": 0.026
    },
    "b_b": {
      "easy": 0.09,
      "hard": 0.078,
      "medium": 0.085,
      "nm": 0.07
    },
    "b_w": {
      "easy": 0.094,
      "hard": 0.08,
      "medium": 0.088,
      "nm": 0.072
    },
    "c_mu": 0.25,
    "c_nu": 0.3,
    "dd_duration": 8.0,
    "dd_min_gap": 24.0,
    "dda_kb": 0.15,
    "dda_kw": 0.18,
    "drag_k": 0.1,
    "kb": 0.35,
    "kdd": 0.05,
    "kq": 0.18,
    "kw": 0.45,
    "m0": 0.3610550221071781,
    "m1": 0.6,
    "micro_amp": 0.03,
    "micro_period": 90.0,
    "mmax": 0.7192226666297717,
    "mu0": 0.22,
    "noise_b": 0.005,
    "noise_w": 0.005,
    "nu0": 0.24,
    "pity_gain": 0.01692840441693211,
    "pity_thr": 0.7,
    "q0": 0.88,
    "q_decay": 0.010797071462061353,
    "q_noise": 0.01,
    "tau": 1800.0,
    "x0_b": 0.12,
    "x0_w": 0.1,
    "xb0": {
      "easy": 0.72,
      "hard": 0.68,
      "medium": 0.7,
      "nm": 0.66
    },
    "xw0": {
      "easy": 0.76,
      "hard": 0.72,
      "medium": 0.74,
      "nm": 0.7
    }
  }
}